Feature Type,Label,Average Cosine Similarity,Cosine Similarity Std
sae_input,label,0.8790620540317736,0.01220807884513409
sae_recons,label,0.8938252326689269,0.009648790653389085
sae_diff,label,0.7448679120917069,0.02512854509317607
